product_name,price,shipping_Location,shipping_Cost,Items_sold
Apple iPhone 8 Plus 64GB 256GB A1864 GSM Unlocked Smartphone All Colors,$542.52 to $637.15,From China,Free International Shipping,746+ Sold
Apple iPhone 7 Plus 32GB 128GB 256GB 12.0MP iOS Mobile Smartphone All Colours,$361.57 to $468.80,From China,Free International Shipping,473+ Sold
Apple iPhone 8 plus 64gb free + new + warranty + Invoice +8 accessories,$425.51 ,From Spain,+$27.35 shipping,36+ Sold
NEW Apple iPhone 7 PLUS 32GB 128GB 256GB Factory Unlocked All Carrier All Colors,$384.00 to $474.00,From United States,+$38.60 shipping,4+ Watching
Apple iPhone 7 Plus 128GB Matte Black Unlocked Mobile phone Smartphone A1784,$298.00 ,From Korea, South,Free International Shipping
Apple iPhone 7 32GB 128GB 256GB Unlocked  Smartphone GSM All Colors,$256.12 to $325.51,From China,Free International Shipping,442+ Sold
Apple iPhone 8 Plus Gold 64GB 256GB 4G LTE Unlocked Smartphone SIM Free,$534.89 to $647.08,From China,Free International Shipping,185+ Sold
Apple iPhone X - 256GB - Space Gray (Unlocked) A1865 (CDMA + GSM),$499.00 ,From United States,+$22.00 shipping,185+ Sold
Apple iPhone 8 64GB 256GB Unlocked Refurbished Smartphone Space Grey/Gold/Silver,$187.02 to $293.00,From United Kingdom,+$18.69 shipping,24+ Watching
Apple iPhone X (iPhone 10) 64GB 256GB Silver Space Grey Unlocked Sim Smartphone,$320.38 to $561.07,From United Kingdom,+$17.44 shipping,69+ Watching
Apple iPhone XS - 64GB - Space Gray (Unlocked) READ DESCRIPTION,$280.00 ,From APO/FPO,+$20.00 shipping,69+ Watching
Apple iPhone 8 64GB 256GB Space Grey Silver Gold Unlocked SIM Free Smartphone UK,$236.89 to $273.05,From United Kingdom,+$17.44 shipping,12+ Watching
Apple iPhone 7 Plus 32GB 128GB 256GB Unlocked All Colours Sim Free Smartphone UK,$249.36 to $273.05,From United Kingdom,+$17.44 shipping,2+ Watching
Apple iPhone X 64GB 256GB Unlocked Smartphone Silver/Space Grey No Face ID,$361.57 to $450.10,From United Kingdom,+$18.69 shipping,2+ Watching
Apple iPhone 8 - 64GB - Gold (Unlocked) A1905,$260.59 ,From United Kingdom,Free International Shipping,Only 1 left!
Apple iPhone 8 (64gb) Verizon Globally Unlocked (A1905) CrVcked/ ExTRAs * iOS 13,$207.00 ,From United States,+$40.45 shipping,10 Watching
Apple iPhone 8 Plus (64gb) Xfinity/ Comcast / rSim Unlock (A1864) Gold iOS13 99%,$347.00 ,From United States,+$41.45 shipping,35 Watching
Apple iPhone 7 -32GB/128GB/256GB-Wholesale price-UNLOCKED -ABC Grades- Hot item!,$162.09 ,From United Kingdom,+$12.47 shipping,9+ Watching
Apple iPhone 7 Plus 32GB 128GB 256GB All Colours Unlocked Smartphone Uk Seller,$249.36 to $274.29,From United Kingdom,+$18.69 shipping,26+ Sold
Apple iPhone X (iPhone 10) 64GB 256GB Unlocked SIM FREE Smartphone Grey Silver,$386.51 to $561.07,From United Kingdom,+$18.69 shipping,41+ Sold
Apple iPhone XS 512 GB New Apple Warranty Official Used 1 week,$764.60 ,From Italy,+$27.35 shipping,41+ Sold
Apple iPhone 7 32GB 128GB 256GB Unlocked Sim Free Smartphone All Colours & Grade,$162.08 to $299.23,From United Kingdom,+$17.44 shipping,41+ Sold
Apple iPhone 7 - 128GB - Black (Unlocked) Smartphone,$193.25 ,From United Kingdom,+$13.72 shipping,41+ Sold
Apple iPhone 8+ - Unlocked - Brand New Handset - Silver - 128GB -,$674.55 ,From United Kingdom,+$12.47 shipping,41+ Sold
Apple iPhone SE - 32GB - Silver (verizon) A1662 (CDMA + GSM),$99.99 ,From United States,+$25.50 shipping,41+ Sold
Apple iPhone 8 - 64GB - 256GB - Unlocked - Various Colours Mobile Smartphone,$439.74 to $530.76,From China,Free International Shipping,101+ Sold
Apple IPhone 7 Plus 32GB 128GB 256GB Ohne Simlock 5.5 Inch Smartphone 4G-LTE,$393.78 to $470.34,From China,Free International Shipping,101+ Sold
Apple iPhone 6 plus - 64gb-space gray (unlocked) a1522 (CDMA + GSM),$65.63 ,From Spain,+$38.28 shipping,101+ Sold
Apple iPhone 8 - 64GB - Space Grey (Unlocked) - Never opened,$504.68 ,From Australia,+$17.76 shipping,101+ Sold
New *Sealed*Apple iPhone 8 Unlocked Smartphone/Silver/256GB/GLOBAL UNLOCKED,$411.99 ,From United States,+$19.99 shipping,8 Watching
New *Sealed*Apple iPhone 8 Unlocked Smartphone/Gold/256GB/A1863 VERIZON SPRINT,$411.99 ,From United States,+$19.99 shipping,3 Watching
ICloud UNLOCK REMOVAL remove 100% 24-48h iPhone XR-XS-XS Max,$262.52 ,From Belgium,Free International Shipping,15 Watching
Apple iPhone 7 Plus 128GB 12.0MP GSM Alle Farben Entsperrt Smartphone,$441.90 ,From China,Free International Shipping,15 Watching
Apple iPhone 7 32GB 128GB 256GB All Colours SIM Free Unlocked Smartphone,$261.83 to $336.64,From China,Free International Shipping,25% off
Iphone 4 white 8gb complete and in perfect condition charger earbuds box and leaflet,$65.63 ,From France,+$19.47 shipping,25% off
Brand New in Sealed Box Apple iPhone 6s - Unlocked Smartphone/Space Gray/128GB,$213.99 ,From United States,+$19.99 shipping,88 Sold
"New in Sealed Box Apple iPhone SE - 16/64GB 4.0"" AT&T T-MOB Unlocked Smartphone",$125.99 to $163.99,From United States,+$19.99 shipping,152+ Sold
"NEW *BNIB*  Apple iPhone SE - 16/64GB 4.0"" Unlocked UNLOCKED Smartphone",$125.99 to $163.99,From United States,+$19.99 shipping,10+ Sold
Apple iPhone 7 Plus - 32GB - BLACK ( totaly unlocked ) A1661 (CDMA + GSM),$299.99 ,From United States,+$25.50 shipping,Only 1 left!
Apple iPhone 8 Plus (PRODUCT) RED - 64GB - (Unlocked) (GSM) Very good condition.,$365.00 ,From Korea South ,+$20.00 shipping,46 Watching
Apple iPhone 6 - 16gb-silver (unlocked) a1549 (CDMA + GSM),$76.57 ,From Spain,+$32.82 shipping,46 Watching
Apple iPhone 6S  128GB - Rose Gold (Unlocked),$148.38 ,From United Kingdom,+$18.70 shipping,46 Watching
IPhone xs max 256gb,$764.60 ,From Spain,+$38.27 shipping,46 Watching
For iPhone 7plus 4G Smartphone 7MP+12MP 4G Network Cellphone 3+128GB,$475.46 to $545.22,From China,Free International Shipping,46 Watching
New AT&T Apple iPhone 5c - 16/32GB Unlocked Sealed in Box UNLOCKED Smartphone,$80.99 to $98.99,From United States,+$19.99 shipping,64+ Sold
IPhone 5c 1 6 GB used,$65.63 ,From Italy,+$10.94 shipping,64+ Sold
Apple iPhone 7 Plus 256GB Plata Desbloqueado Smartphone,$470.34 ,From China,Free International Shipping,Only 1 left!
Apple iPhone xs max 512 GB Free + Invoice +8 Accessories Gift +1 year warranty,$841.17 ,From Spain,+$27.35 shipping,Only 1 left!
Iphone 11 128go black icloud,$1.09 ,From France,+$71.10 shipping,Only 1 left!
Apple iPhone 6s - 16GB-Space Grey-Very Good Condition!,$109.39 ,From Germany,+$16.95 shipping,Only 1 left!
Used iPhone 7 128gb Black. unlocked. model a1778.,$164.08 ,From Spain,+$16.41 shipping,Only 1 left!
New in Sealed Box Apple iPhone 6s - Unlocked Smartphone/Rose Gold/16GB,$180.99 ,From United States,+$19.99 shipping,Only 1 left!
Apple iPhone 8 256GB Space Unlocked MDM Remote Management Cracked (Back Clean),$150.00 ,From Denmark,+$50.00 shipping,Only 1 left!
Apple iPhone 7 Plus 32/128GB Unlocked Negro/Oro/Plata/Oro Rosa Smartphone,$382.84 to $437.53,From China,Free International Shipping,7+ Watching
Apple iPhone 8 White 64gb Original as NEW 100% Battery,$382.74 ,From Italy,+$21.88 shipping,Only 1 left!
Apple iphone 8 plus - 64 gb-space grey (désimlocké),$305.18 ,From Canada,+$37.19 shipping,Only 1 left!
 Apple iPhone 8 Plus 64GB Smartphone Grigio Siderale Oro Argento 4G LTE GSM,$546.91 ,From China,Free International Shipping,3+ Watching
Apple iPhone 7 Plus 32GB/128GB/256GB Schwarz Ohne Simlock Entsperrt Smartphone,$393.78 ,From China,Free International Shipping,32+ Sold
Apple iPhone 7 plus 256gb 1 year warranty + free + Invoice +8 accessories gift,$392.69 ,From Spain,+$27.35 shipping,32+ Sold
Apple iPhone 6s 16/32/64/128GB Gold/Rose/Silver/Grey Unlocked / FREE Delivery,$224.43 to $299.24,From United Kingdom,+$18.70 shipping,32+ Sold
NEW Apple iPHONE 7 32GB UNLOCKED OPEN BOX ,$249.00 ,From United States,+$38.60 shipping,Only 1 left!
